threshold,opponent,pvalue,winrate,mean_score,std_dev,a/d_move_ratio
0.0,BullyBot,0.41819,0.6,75,16.769,1.074
0.0,RandBot,0.28621,0.6,69.667,4.926,0.594
0.0,RdeepBot,0.00402,0.3,66.667,8.737,1.36
0.5,BullyBot,0.41819,0.6,75,16.769,1.074
0.5,RandBot,0.28621,0.6,69.667,4.926,0.594
0.5,RdeepBot,0.00402,0.3,66.667,8.737,1.36
1.0,BullyBot,0.41819,0.6,75,16.769,1.074
1.0,RandBot,0.28621,0.6,69.667,4.926,0.594
1.0,RdeepBot,0.00402,0.3,66.667,8.737,1.36
