threshold,opponent,pvalue,winrate,mean_score,std_dev
0.0,BullyBot,0.27623,2.333,73.429,11.458
0.0,RandBot,0.21955,0.667,68.25,8.995
0.0,RdeepBot,0.00114,0.25,67,0.0
0.5,BullyBot,0.27623,2.333,73.429,11.458
0.5,RandBot,0.21955,0.667,68.25,8.995
0.5,RdeepBot,0.00114,0.25,67,0.0
1.0,BullyBot,0.27623,2.333,73.429,11.458
1.0,RandBot,0.21955,0.667,68.25,8.995
1.0,RdeepBot,0.00114,0.25,67,0.0
