threshold,opponent,pvalue,winrate,mean_score,std_dev,a/d_move_ratio
0.0,BullyBot,0.34187,0.7,68.429,12.555,0.0
0.0,RandBot,0.14726,0.4,81.25,22.336,0.0
0.0,RdeepBot,0.0,0.1,74,0,0.0
0.5,BullyBot,0.07548,0.8,69.375,11.673,0.443
0.5,RandBot,0.03644,0.7,73.143,8.375,0.571
0.5,RdeepBot,0.00012,0.1,68,0,0.77
1.0,BullyBot,0.10669,0.7,75.143,15.518,19.167
1.0,RandBot,0.0,1.0,78.5,9.217,12.75
1.0,RdeepBot,0.01633,0.2,75.5,4.95,25.429
